{
    "CSF": {
        "total_points": 19000,
        "ground_points": 16768,
        "non_ground_points": 2232,
        "ground_ratio": 0.8825263157894737,
        "mean_point_density": 8.962372401247043,
        "point_density_std": 15.127687262512927,
        "mean_elevation": 0.4709584943031238,
        "elevation_std": 0.833207295360847,
        "elevation_range": 4.509169763427154,
        "confusion_matrix": [
            [
                2232,
                6768
            ],
            [
                0,
                10000
            ]
        ],
        "accuracy": 0.6437894736842106,
        "precision": 0.5963740458015268,
        "recall": 1.0,
        "f1_score": 0.7471607890017932,
        "kappa": 0.25768911055694116,
        "auc": 0.624,
        "roc_curve": {
            "fpr": [
                0.0,
                0.752,
                1.0
            ],
            "tpr": [
                0.0,
                1.0,
                1.0
            ]
        },
        "error_mean_elevation": 0.6846886857307275,
        "error_elevation_std": 0.7764663568486564,
        "error_spatial_density": 0.3562105263157895
    },
    "MathematicalCSF": {
        "total_points": 19000,
        "ground_points": 16768,
        "non_ground_points": 2232,
        "ground_ratio": 0.8825263157894737,
        "mean_point_density": 8.962372401247043,
        "point_density_std": 15.127687262512927,
        "mean_elevation": 0.4709584943031238,
        "elevation_std": 0.833207295360847,
        "elevation_range": 4.509169763427154,
        "confusion_matrix": [
            [
                2232,
                6768
            ],
            [
                0,
                10000
            ]
        ],
        "accuracy": 0.6437894736842106,
        "precision": 0.5963740458015268,
        "recall": 1.0,
        "f1_score": 0.7471607890017932,
        "kappa": 0.25768911055694116,
        "auc": 0.624,
        "roc_curve": {
            "fpr": [
                0.0,
                0.752,
                1.0
            ],
            "tpr": [
                0.0,
                1.0,
                1.0
            ]
        },
        "error_mean_elevation": 0.6846886857307286,
        "error_elevation_std": 0.7764663568486561,
        "error_spatial_density": 0.3562105263157895
    },
    "DifferentialCSF": {
        "total_points": 19000,
        "ground_points": 16768,
        "non_ground_points": 2232,
        "ground_ratio": 0.8825263157894737,
        "mean_point_density": 8.962372401247043,
        "point_density_std": 15.127687262512927,
        "mean_elevation": 0.4709584943031238,
        "elevation_std": 0.833207295360847,
        "elevation_range": 4.509169763427154,
        "confusion_matrix": [
            [
                2232,
                6768
            ],
            [
                0,
                10000
            ]
        ],
        "accuracy": 0.6437894736842106,
        "precision": 0.5963740458015268,
        "recall": 1.0,
        "f1_score": 0.7471607890017932,
        "kappa": 0.25768911055694116,
        "auc": 0.624,
        "roc_curve": {
            "fpr": [
                0.0,
                0.752,
                1.0
            ],
            "tpr": [
                0.0,
                1.0,
                1.0
            ]
        },
        "error_mean_elevation": 0.684688685730729,
        "error_elevation_std": 0.7764663568486567,
        "error_spatial_density": 0.3562105263157895
    },
    "ManifoldCSF": {
        "total_points": 19000,
        "ground_points": 16770,
        "non_ground_points": 2230,
        "ground_ratio": 0.8826315789473684,
        "mean_point_density": 8.962372401247043,
        "point_density_std": 15.127687262512927,
        "mean_elevation": 0.4709584943031238,
        "elevation_std": 0.833207295360847,
        "elevation_range": 4.509169763427154,
        "confusion_matrix": [
            [
                2230,
                6770
            ],
            [
                0,
                10000
            ]
        ],
        "accuracy": 0.6436842105263157,
        "precision": 0.5963029218843172,
        "recall": 1.0,
        "f1_score": 0.7471049682480388,
        "kappa": 0.257461178779657,
        "auc": 0.6238888888888889,
        "roc_curve": {
            "fpr": [
                0.0,
                0.7522222222222222,
                1.0
            ],
            "tpr": [
                0.0,
                1.0,
                1.0
            ]
        },
        "error_mean_elevation": 0.685000875702632,
        "error_elevation_std": 0.776630544568328,
        "error_spatial_density": 0.3563157894736842
    }
}